sample,outcome,term,estimate,std.error,conf.low,conf.high,df
Bilingual Sample,bush_general,Z_ad,0.048918615265781944,0.023217402044952474,0.0033835039888075666,0.09445372654275633,1847
Bilingual Sample,vela_general,Z_vela,0.04665884978399628,0.02395087953603726,-3.1789606432254536e-4,0.0936355956323151,1678
Bilingual Sample,coffman_general,Z_coffman,0.0029084772682147963,0.023619252462704476,-0.0434178023738727,0.049234756910302296,1679
Bilingual Sample,like_vela,Z_vela,0.06354927117257528,0.06752862527332469,-0.06889993856012896,0.19599848090527952,1678
Bilingual Sample,like_coffman,Z_coffman,0.018827097389763854,0.07728338657192024,-0.13275489373602647,0.17040908851555417,1678
Bilingual Sample,like_bush,Z_ad,0.16527712378472492,0.0754119424918818,0.01737618944650371,0.31317805812294613,1860
Bilingual Sample,vela_cares,Z_vela,0.018227420244403093,0.01682294819074367,-0.014768752626280374,0.05122359311508656,1678
Bilingual Sample,coffman_cares,Z_coffman,0.034859946841136635,0.021397820467428313,-0.007109283236359204,0.07682917691863247,1678
Bilingual Sample,bush_cares,Z_ad,0.037651607878045834,0.02045864338144084,-0.002472762582161246,0.07777597833825292,1856
Bilingual Sample,conf_in_vela,Z_vela,0.10243282750446293,0.03783368928450859,0.028226633809219498,0.17663902119970637,1678
Bilingual Sample,conf_in_coffman,Z_coffman,0.031012082444918203,0.04093829732348452,-0.049283458004813395,0.1113076228946498,1677
Bilingual Sample,conf_in_bush,Z_ad,0.07596949020169436,0.0415041555841461,-0.005430157348549194,0.1573691377519379,1859
Monolingual Sample,vela_general,Z_vela,-0.020117542692392926,0.026142251316309675,-0.07140170127238335,0.0311666158875975,1341
Monolingual Sample,coffman_general,Z_coffman,-0.1872416171595139,0.02645251048376886,-0.23913442187913292,-0.13534881243989488,1341
Monolingual Sample,like_vela,Z_vela,-0.4722861121368062,0.0695634531114469,-0.6087513282075034,-0.335820896066109,1339
Monolingual Sample,like_coffman,Z_coffman,-0.8298671777500496,0.07375969582270551,-0.9745642216944934,-0.6851701338056058,1340
Monolingual Sample,vela_cares,Z_vela,-0.1520166387262766,0.02465573417346872,-0.20038487449473139,-0.10364840295782182,1334
Monolingual Sample,coffman_cares,Z_coffman,-0.15519432692912227,0.023889822134795253,-0.2020600075588006,-0.10832864629944394,1335
Monolingual Sample,conf_in_vela,Z_vela,-0.16023462376403744,0.04695249649205432,-0.2523432714700214,-0.06812597605805348,1336
Monolingual Sample,conf_in_coffman,Z_coffman,-0.3101462276845775,0.04409709738146636,-0.39665332125846897,-0.22363913411068606,1336
