sample,party,outcome,term,estimate,std.error,conf.low,conf.high,df
Bilingual Sample,Democratic Respondents,vela_general,Z_vela,0.06364598291890267,0.025919600042753635,0.012784559134969127,0.11450740670283621,1027
Bilingual Sample,Democratic Respondents,coffman_general,Z_coffman,-0.00269822288153537,0.02692831755741124,-0.05553902940697151,0.050142583643900764,1027
Bilingual Sample,Democratic Respondents,like_vela,Z_vela,0.11574578940991233,0.08197458904909814,-0.04511121073507275,0.2766027895548974,1026
Bilingual Sample,Democratic Respondents,like_coffman,Z_coffman,0.14613923284187588,0.10235519005687131,-0.05470995809396259,0.34698842377771433,1027
Bilingual Sample,Democratic Respondents,vela_cares,Z_vela,0.039615297407603514,0.01734387846945338,0.005581811110096854,0.07364878370511017,1027
Bilingual Sample,Democratic Respondents,coffman_cares,Z_coffman,0.07805167872604524,0.028438458930516507,0.022247557171655497,0.13385580028043498,1027
Bilingual Sample,Democratic Respondents,conf_in_vela,Z_vela,0.10980273599879065,0.04218080561565623,0.027032329571728533,0.19257314242585277,1027
Bilingual Sample,Democratic Respondents,conf_in_coffman,Z_coffman,0.1284373755947756,0.05223542159059073,0.02593691397808573,0.2309378372114655,1026
Monolingual Sample,Democratic Respondents,vela_general,Z_vela,-0.04365998710262988,0.04025262492830192,-0.12271951821812044,0.03539954401286068,577
Monolingual Sample,Democratic Respondents,coffman_general,Z_coffman,-0.14051086178085473,0.03339650421153047,-0.20610439682516637,-0.07491732673654308,577
Monolingual Sample,Democratic Respondents,like_vela,Z_vela,-0.6084372003835092,0.10242021502196705,-0.8095998261639148,-0.4072745746031037,576
Monolingual Sample,Democratic Respondents,like_coffman,Z_coffman,-0.7018858916209111,0.11405724247148617,-0.9259038811603056,-0.4778679020815165,577
Monolingual Sample,Democratic Respondents,vela_cares,Z_vela,-0.1125640870981362,0.03194584231917442,-0.1753090898275219,-0.0498190843687505,574
Monolingual Sample,Democratic Respondents,coffman_cares,Z_coffman,-0.13263379565754124,0.03735494844189892,-0.20600312370629875,-0.05926446760878373,573
Monolingual Sample,Democratic Respondents,conf_in_vela,Z_vela,-0.18067711839953796,0.062488125786151705,-0.30340993527425114,-0.05794430152482476,575
Monolingual Sample,Democratic Respondents,conf_in_coffman,Z_coffman,-0.17860319749970072,0.06671197770806635,-0.30963207443248564,-0.047574320566915795,575
Bilingual Sample,Republican Respondents,vela_general,Z_vela,-0.01022954091816359,0.0495516271544221,-0.10770321290941878,0.08724413107309159,333
Bilingual Sample,Republican Respondents,coffman_general,Z_coffman,0.02232142857142859,0.04519955091948883,-0.06659121574493693,0.1112340728877941,333
Bilingual Sample,Republican Respondents,like_vela,Z_vela,-0.24675648702594755,0.15993706142617853,-0.5613708308923386,0.0678578568404436,333
Bilingual Sample,Republican Respondents,like_coffman,Z_coffman,-0.3030357142857144,0.15932088003750788,-0.6164379594579653,0.010366530886536496,333
Bilingual Sample,Republican Respondents,vela_cares,Z_vela,-0.04925862560593102,0.04743779470705319,-0.14257414936973853,0.04405689815787648,333
Bilingual Sample,Republican Respondents,coffman_cares,Z_coffman,-0.05499999999999996,0.03892191438828093,-0.13156382109374257,0.021563821093742642,333
Bilingual Sample,Republican Respondents,conf_in_vela,Z_vela,-0.07338893641288853,0.09594883252691065,-0.26213117489732807,0.11535330207155099,333
Bilingual Sample,Republican Respondents,conf_in_coffman,Z_coffman,-0.13910714285714262,0.08356617982753022,-0.30349129873332364,0.025277013019038397,333
Monolingual Sample,Republican Respondents,vela_general,Z_vela,-0.011212997109538539,0.030627879612564034,-0.07139148438989802,0.04896549017082095,489
Monolingual Sample,Republican Respondents,coffman_general,Z_coffman,-0.16777464410421658,0.03999238458118393,-0.24635276434218317,-0.08919652386624999,489
Monolingual Sample,Republican Respondents,like_vela,Z_vela,-0.39903319047144625,0.11838338541043483,-0.631636072004431,-0.1664303089384616,489
Monolingual Sample,Republican Respondents,like_coffman,Z_coffman,-1.0036090124123058,0.12273401704834834,-1.24476135887917,-0.7624566659454417,488
Monolingual Sample,Republican Respondents,vela_cares,Z_vela,-0.22561056986520775,0.04334347019540132,-0.31077342685472625,-0.14044771287568925,488
Monolingual Sample,Republican Respondents,coffman_cares,Z_coffman,-0.18142876416621728,0.03696151451232161,-0.25405211804947025,-0.1088054102829643,488
Monolingual Sample,Republican Respondents,conf_in_vela,Z_vela,-0.19217936740958252,0.0794784875024386,-0.3483416459350236,-0.036017088884141485,488
Monolingual Sample,Republican Respondents,conf_in_coffman,Z_coffman,-0.49096977500677563,0.07268940664604222,-0.6337933449271116,-0.34814620508643973,487
