candidate,sample,outcome,term,estimate,std.error,conf.low,conf.high,n
bush,bilingual,bush_general,(Intercept),0.4494705663942981,0.02009117367870286,0.4100667540149327,0.4888743787736635,1849
bush,bilingual,bush_general,Z_ad,0.04896649860286398,0.023223865291408918,0.003418695109613068,0.09451430209611489,1849
bush,bilingual,bush_general,Z_survey,0.005414822154980584,0.023228413472353954,-0.04014190145769648,0.050971545767657646,1849
vela,bilingual,vela_general,(Intercept),0.5348397348455058,0.020719157818574963,0.49420160176537425,0.5754778679256374,1680
vela,bilingual,vela_general,Z_vela,0.04855036917379833,0.0239042736077788,0.001665015021715073,0.0954357233258816,1680
vela,bilingual,vela_general,Z_survey,0.07295796961285839,0.02390292897354174,0.026075252798911562,0.1198406864268052,1680
vela,monolingual,vela_general,(Intercept),0.3659259259259278,0.018553961027869922,0.3295279788582778,0.40232387299357786,1343
vela,monolingual,vela_general,Z_vela,-0.020117542692392926,0.026142251316309675,-0.07140170127238335,0.0311666158875975,1343
coffman,bilingual,coffman_general,(Intercept),0.3843604577024188,0.02012506643881014,0.3448875803137609,0.4238333350910767,1681
coffman,bilingual,coffman_general,Z_coffman,0.0027055605650258517,0.023623917578375824,-0.043629889051811394,0.04904101018186309,1681
coffman,bilingual,coffman_general,Z_survey,-0.027790406050645273,0.02360668366879578,-0.07409205344368124,0.018511241342390686,1681
coffman,monolingual,coffman_general,(Intercept),0.5126760563380311,0.018771858630398344,0.47585065200715393,0.5495014606689084,1343
coffman,monolingual,coffman_general,Z_coffman,-0.1872416171595139,0.02645251048376886,-0.23913442187913292,-0.13534881243989488,1343
