table,candidate,outcome,term,estimate,std.error,p.value,conf.low,conf.high,n
a1,bush,bush_general,(Intercept),0.443478260869569,0.02318840579710149,1.5826430190631614e-74,0.39799998613387333,0.48895653560526464,1849
a1,bush,bush_general,Z_ad,0.0606539705353934,0.03248484499629014,0.06203958343324749,-0.003056951138766653,0.12436489220955345,1849
a1,bush,bush_general,Z_survey,0.01754623801684867,0.03305067400980572,0.5955596246358352,-0.04727441614842148,0.08236689218211882,1849
a1,bush,bush_general,Z_ad:Z_survey,-0.023871451877947914,0.04646880699314398,0.6075168593250801,-0.11500842738052341,0.0672655236246276,1849
a1,vela,vela_general,(Intercept),0.5217391304347815,0.02392301347805954,4.987515742593587e-93,0.47481700006338456,0.5686612608061784,1680
a1,vela,vela_general,Z_vela,0.07463275165138569,0.033457201726663055,0.02583335735397386,0.009010451069546663,0.1402550522332247,1680
a1,vela,vela_general,Z_survey,0.09968944099378894,0.033671628975075994,0.0031131850521185,0.03364656700407054,0.16573231498350735,1680
a1,vela,vela_general,Z_vela:Z_survey,-0.054700066535454776,0.04779719153583068,0.25261286848300746,-0.14844854244079006,0.0390484093698805,1680
a1,coffman,coffman_general,(Intercept),0.4043956043956009,0.02303319762477224,1.7596363561696404e-63,0.3592187608900552,0.4495724479011466,1681
a1,coffman,coffman_general,Z_coffman,-0.03882956665975569,0.03284539812730051,0.2372971229498787,-0.10325185987528886,0.025592726555777476,1681
a1,coffman,coffman_general,Z_survey,-0.0694787397875291,0.03257114554889797,0.033058245098511296,-0.1333631195957567,-0.005594359979301508,1681
a1,coffman,coffman_general,Z_coffman:Z_survey,0.0871148017892131,0.04723522947678067,0.06531920334078863,-0.0055314128087116665,0.17976101638713787,1681
a2,bush,bush_cares,(Intercept),0.7359307359307261,0.020531795766660584,3.2001281475300556e-214,0.6956628675235061,0.7761986043379461,1858
a2,bush,bush_cares,Z_ad,0.03408979795016695,0.02803453429779328,0.22414238139817783,-0.020892773997792956,0.08907236989812686,1858
a2,bush,bush_cares,Z_survey,-0.03815295815295776,0.029853464796941273,0.20140669160180955,-0.09670289726226963,0.020396980956354116,1858
a2,bush,bush_cares,Z_ad:Z_survey,0.006694515775323043,0.040953627879414374,0.870169548872379,-0.07362555544437692,0.087014586995023,1858
a2,vela,vela_cares,(Intercept),0.8672768878718509,0.01624833708041595,0,0.835407717564151,0.8991460581795507,1680
a2,vela,vela_cares,Z_vela,0.01254170623245517,0.022457108463555177,0.5765955045621836,-0.031505226736835965,0.056588639201746296,1680
a2,vela,vela_cares,Z_survey,-0.02918164977661516,0.024245716784765056,0.22892208233837805,-0.07673672409725174,0.01837342454402142,1680
a2,vela,vela_cares,Z_vela:Z_survey,0.0106196001749248,0.03379052866360838,0.7533494611475906,-0.055656481336561356,0.07689568168641096,1680
a2,coffman,coffman_cares,(Intercept),0.7362637362637343,0.020681103280004158,3.282651627419133e-207,0.6957002250982759,0.7768272474291927,1680
a2,coffman,coffman_cares,Z_coffman,0.05097030628945524,0.028716187397646645,0.07608467662328047,-0.005353061587154505,0.10729367416606497,1680
a2,coffman,coffman_cares,Z_survey,-0.028425256453760227,0.030333092887029126,0.34884018227556324,-0.08791999110824741,0.031069478200726953,1680
a2,coffman,coffman_cares,Z_coffman:Z_survey,-0.03439933728053327,0.042922923731536014,0.42300149986857416,-0.11858751972250642,0.04978884516143987,1680
a3,bush,conf_in_bush,(Intercept),1.7380952380952197,0.04061378928436092,4.945665533701825e-279,1.6584417574603796,1.8177487187300598,1861
a3,bush,conf_in_bush,Z_ad,0.13485558157688976,0.05766009621054715,0.019451225300632473,0.021770163106016024,0.24794100004776348,1861
a3,bush,conf_in_bush,Z_survey,0.04287821323219319,0.05816081411383633,0.4610723223156915,-0.07118923436021637,0.15694566082460276,1861
a3,bush,conf_in_bush,Z_ad:Z_survey,-0.12062206122676236,0.083051829241479,0.1465674347000604,-0.283506820042448,0.04226269758892326,1861
a3,vela,conf_in_vela,(Intercept),1.9130434782608707,0.037413126700297776,0,1.83966210386826,1.9864248526534816,1680
a3,vela,conf_in_vela,Z_vela,0.10736468500443747,0.052086058620802615,0.039428925891046955,0.0052041091480984625,0.20952526086077647,1680
a3,vela,conf_in_vela,Z_survey,0.015527950310559343,0.053525750432407884,0.7717737635425226,-0.08945640888481135,0.12051230950593003,1680
a3,vela,conf_in_vela,Z_vela:Z_survey,-0.009758103104662222,0.07587306900640327,0.8976809777465393,-0.15857405552894765,0.13905784931962323,1680
a3,coffman,conf_in_coffman,(Intercept),1.8480176211453712,0.03847920098819847,3.007928e-317,1.7725452369490544,1.923490005341688,1679
a3,coffman,conf_in_coffman,Z_coffman,-0.0395069828475028,0.056199680281215726,0.48216887940999187,-0.1497359832676245,0.0707220175726189,1679
a3,coffman,conf_in_coffman,Z_survey,-0.15443092280808268,0.05654139383523612,0.0063748812879113525,-0.2653301537935954,-0.04353169182256994,1679
a3,coffman,conf_in_coffman,Z_coffman:Z_survey,0.1464452188934125,0.08187760274663931,0.07386201521469668,-0.014147977765296749,0.30703841555212175,1679
a4,bush,like_bush,(Intercept),4.7683982683982284,0.07206908871870016,0,4.627053374244588,4.909743162551869,1862
a4,bush,like_bush,Z_ad,0.24799517422467526,0.10137247549089246,0.014522186567588654,0.049179259203471326,0.4468110892458792,1862
a4,bush,like_bush,Z_survey,0.24930084664597676,0.10720049554370596,0.020149376299199814,0.03905477630942647,0.45954691698252703,1862
a4,bush,like_bush,Z_ad:Z_survey,-0.1656942892689212,0.15091700997445515,0.27238317113790533,-0.46167900588000127,0.13029042734215884,1862
a4,vela,like_vela,(Intercept),4.9450800915331845,0.06474451234608768,0,4.8180914723142125,5.0720687107521565,1680
a4,vela,like_vela,Z_vela,0.16577963697360654,0.09340654340094064,0.07610937610085076,-0.017426128931265716,0.3489854028784788,1680
a4,vela,like_vela,Z_survey,0.25015800370491426,0.09249827051350012,0.006910744086955693,0.06873370646310886,0.4315823009467197,1680
a4,vela,like_vela,Z_vela:Z_survey,-0.2061620891670816,0.13500647820574369,0.12693644212369412,-0.470961152928964,0.0586369745948008,1680
a4,coffman,like_coffman,(Intercept),4.953846153846158,0.07558107089563168,0,4.805602920800824,5.102089386891491,1680
a4,coffman,like_coffman,Z_coffman,-0.08859792689579973,0.10363072585841626,0.3927072294847106,-0.2918572041465818,0.11466135035498232,1680
a4,coffman,like_coffman,Z_survey,-0.01560387356111821,0.11084395795552159,0.8880659258941628,-0.23301104305674358,0.2018032959345072,1680
a4,coffman,like_coffman,Z_coffman:Z_survey,0.2264711321750679,0.15511269951083975,0.14446580968796058,-0.07776388049931746,0.5307061448494532,1680
