table,candidate,sample,party,outcome,term,estimate,std.error,conf.low,conf.high,n
b5,vela,bilingual,democrat,vela_general,(Intercept),0.7442748091603055,0.019076670184652894,0.7068411062849705,0.7817085120356405,1029
b5,vela,bilingual,democrat,vela_general,Z_vela,0.06364598291890267,0.025919600042753635,0.012784559134969127,0.11450740670283621,1029
b5,coffman,bilingual,democrat,coffman_general,(Intercept),0.24813432835820778,0.0186739702614137,0.21149083410568492,0.28477782261073065,1029
b5,coffman,bilingual,democrat,coffman_general,Z_coffman,-0.00269822288153537,0.02692831755741124,-0.05553902940697151,0.050142583643900764,1029
b5,vela,bilingual,republican,vela_general,(Intercept),0.29166666666666646,0.03517256196388204,0.22247824713656073,0.3608550861967722,335
b5,vela,bilingual,republican,vela_general,Z_vela,-0.01022954091816359,0.0495516271544221,-0.10770321290941878,0.08724413107309159,335
b5,coffman,bilingual,republican,coffman_general,(Intercept),0.771428571428572,0.03183348654463745,0.7088084920491381,0.8340486508080059,335
b5,coffman,bilingual,republican,coffman_general,Z_coffman,0.02232142857142859,0.04519955091948883,-0.06659121574493693,0.1112340728877941,335
b5,vela,monolingual,democrat,vela_general,(Intercept),0.6476868327402132,0.028547491723390047,0.5916171648814176,0.7037565005990088,579
b5,vela,monolingual,democrat,vela_general,Z_vela,-0.04365998710262988,0.04025262492830192,-0.12271951821812044,0.03539954401286068,579
b5,coffman,monolingual,democrat,coffman_general,(Intercept),0.28135593220339034,0.026224746298608315,0.22984833115417513,0.33286353325260554,579
b5,coffman,monolingual,democrat,coffman_general,Z_coffman,-0.14051086178085473,0.03339650421153047,-0.20610439682516637,-0.07491732673654308,579
b5,vela,monolingual,republican,vela_general,(Intercept),0.137795275590551,0.021670159225342066,0.0952171599063474,0.1803733912747546,491
b5,vela,monolingual,republican,vela_general,Z_vela,-0.011212997109538539,0.030627879612564034,-0.07139148438989802,0.04896549017082095,491
b5,coffman,monolingual,republican,coffman_general,(Intercept),0.8161764705882321,0.023529242185193075,0.7699455783596596,0.8624073628168045,491
b5,coffman,monolingual,republican,coffman_general,Z_coffman,-0.16777464410421658,0.03999238458118393,-0.24635276434218317,-0.08919652386624999,491
b6,vela,bilingual,democrat,like_vela,(Intercept),5.316793893129781,0.0573515594347338,5.20425414256412,5.4293336436954425,1028
b6,vela,bilingual,democrat,like_vela,Z_vela,0.11574578940991233,0.08197458904909814,-0.04511121073507275,0.2766027895548974,1028
b6,coffman,bilingual,democrat,like_coffman,(Intercept),4.72201492537313,0.07226629047017545,4.5802084770161455,4.863821373730114,1029
b6,coffman,bilingual,democrat,like_coffman,Z_coffman,0.14613923284187588,0.10235519005687131,-0.05470995809396259,0.34698842377771433,1029
b6,vela,bilingual,republican,like_vela,(Intercept),4.791666666666664,0.10938762283400587,4.5764888030861846,5.006844530247144,335
b6,vela,bilingual,republican,like_vela,Z_vela,-0.24675648702594755,0.15993706142617853,-0.5613708308923386,0.0678578568404436,335
b6,coffman,bilingual,republican,like_coffman,(Intercept),5.634285714285711,0.11150475270442235,5.414943216072573,5.853628212498848,335
b6,coffman,bilingual,republican,like_coffman,Z_coffman,-0.3030357142857144,0.15932088003750788,-0.6164379594579653,0.010366530886536496,335
b6,vela,monolingual,democrat,like_vela,(Intercept),5.128571428571429,0.0776784426845931,4.976003895945042,5.281138961197816,578
b6,vela,monolingual,democrat,like_vela,Z_vela,-0.6084372003835092,0.10242021502196705,-0.8095998261639148,-0.4072745746031037,578
b6,coffman,monolingual,democrat,like_coffman,(Intercept),4.969491525423729,0.08581682215991712,4.800940089737999,5.138042961109459,579
b6,coffman,monolingual,democrat,like_coffman,Z_coffman,-0.7018858916209111,0.11405724247148617,-0.9259038811603056,-0.4778679020815165,579
b6,vela,monolingual,republican,like_vela,(Intercept),4.437007874015735,0.08146637460042272,4.276940535052529,4.5970752129789405,491
b6,vela,monolingual,republican,like_vela,Z_vela,-0.39903319047144625,0.11838338541043483,-0.631636072004431,-0.1664303089384616,491
b6,coffman,monolingual,republican,like_coffman,(Intercept),5.466911764705893,0.083318136348023,5.303205201792231,5.630618327619555,490
b6,coffman,monolingual,republican,like_coffman,Z_coffman,-1.0036090124123058,0.12273401704834834,-1.24476135887917,-0.7624566659454417,490
b7,vela,bilingual,democrat,vela_cares,(Intercept),0.8950381679389326,0.013402494407787275,0.8687387672262722,0.9213375686515931,1029
b7,vela,bilingual,democrat,vela_cares,Z_vela,0.039615297407603514,0.01734387846945338,0.005581811110096854,0.07364878370511017,1029
b7,coffman,bilingual,democrat,coffman_cares,(Intercept),0.6623134328358206,0.02044616132978156,0.6221924095780013,0.7024344560936399,1029
b7,coffman,bilingual,democrat,coffman_cares,Z_coffman,0.07805167872604524,0.028438458930516507,0.022247557171655497,0.13385580028043498,1029
b7,vela,bilingual,republican,vela_cares,(Intercept),0.7738095238095245,0.032373969793444174,0.7101262525646292,0.8374927950544198,335
b7,vela,bilingual,republican,vela_cares,Z_vela,-0.04925862560593102,0.04743779470705319,-0.14257414936973853,0.04405689815787648,335
b7,coffman,bilingual,republican,coffman_cares,(Intercept),0.8800000000000008,0.024635270482057627,0.8315396282164349,0.9284603717835667,335
b7,coffman,bilingual,republican,coffman_cares,Z_coffman,-0.05499999999999996,0.03892191438828093,-0.13156382109374257,0.021563821093742642,335
b7,vela,monolingual,democrat,vela_cares,(Intercept),0.8718861209964435,0.019973260071747115,0.8326565322069095,0.9111157097859774,576
b7,vela,monolingual,democrat,vela_cares,Z_vela,-0.1125640870981362,0.03194584231917442,-0.1753090898275219,-0.0498190843687505,576
b7,coffman,monolingual,democrat,coffman_cares,(Intercept),0.7815699658703076,0.02417957605822442,0.7340785538381092,0.829061377902506,575
b7,coffman,monolingual,democrat,coffman_cares,Z_coffman,-0.13263379565754124,0.03735494844189892,-0.20600312370629875,-0.05926446760878373,575
b7,vela,monolingual,republican,vela_cares,(Intercept),0.7086614173228358,0.028566572474277897,0.6525327567578181,0.7647900778878536,490
b7,vela,monolingual,republican,vela_cares,Z_vela,-0.22561056986520775,0.04334347019540132,-0.31077342685472625,-0.14044771287568925,490
b7,coffman,monolingual,republican,coffman_cares,(Intercept),0.8786764705882366,0.01983363748105803,0.8397066044292388,0.9176463367472344,490
b7,coffman,monolingual,republican,coffman_cares,Z_coffman,-0.18142876416621728,0.03696151451232161,-0.25405211804947025,-0.1088054102829643,490
b8,vela,bilingual,democrat,conf_in_vela,(Intercept),2.0763358778625944,0.029154907465661385,2.0191258861363934,2.1335458695887954,1029
b8,vela,bilingual,democrat,conf_in_vela,Z_vela,0.10980273599879065,0.04218080561565623,0.027032329571728533,0.19257314242585277,1029
b8,coffman,bilingual,democrat,conf_in_coffman,(Intercept),1.6504672897196284,0.03626075844136108,1.57931357131104,1.7216210081282168,1028
b8,coffman,bilingual,democrat,conf_in_coffman,Z_coffman,0.1284373755947756,0.05223542159059073,0.02593691397808573,0.2309378372114655,1028
b8,vela,bilingual,republican,conf_in_vela,(Intercept),1.7440476190476197,0.07063857161188383,1.6050935351026068,1.8830017029926327,335
b8,vela,bilingual,republican,conf_in_vela,Z_vela,-0.07338893641288853,0.09594883252691065,-0.26213117489732807,0.11535330207155099,335
b8,coffman,bilingual,republican,conf_in_coffman,(Intercept),2.1828571428571437,0.05130435646929139,2.08193565346537,2.2837786322489175,335
b8,coffman,bilingual,republican,conf_in_coffman,Z_coffman,-0.13910714285714262,0.08356617982753022,-0.30349129873332364,0.025277013019038397,335
b8,vela,monolingual,democrat,conf_in_vela,(Intercept),2.0320284697508786,0.04137810080692968,1.9507578154454523,2.113299124056305,577
b8,vela,monolingual,democrat,conf_in_vela,Z_vela,-0.18067711839953796,0.062488125786151705,-0.30340993527425114,-0.05794430152482476,577
b8,coffman,monolingual,democrat,conf_in_coffman,(Intercept),1.8949152542372794,0.04677324386125765,1.803048009040877,1.9867824994336818,577
b8,coffman,monolingual,democrat,conf_in_coffman,Z_coffman,-0.17860319749970072,0.06671197770806635,-0.30963207443248564,-0.047574320566915795,577
b8,vela,monolingual,republican,conf_in_vela,(Intercept),1.4803149606299233,0.05164523822100132,1.378840482075795,1.5817894391840517,490
b8,vela,monolingual,republican,conf_in_vela,Z_vela,-0.19217936740958252,0.0794784875024386,-0.3483416459350236,-0.036017088884141485,490
b8,coffman,monolingual,republican,conf_in_coffman,(Intercept),2.099264705882345,0.04331847526505048,2.014150525338994,2.1843788864256957,489
b8,coffman,monolingual,republican,conf_in_coffman,Z_coffman,-0.49096977500677563,0.07268940664604222,-0.6337933449271116,-0.34814620508643973,489
