column,quantity,mean,se,n_nonmissing
lucid,female,0.7003222341568206,0.01061947463569193,1862
lucid,age,34.80451127819549,0.3029132919855109,1862
lucid,education_5,3.0050962627406563,0.025095009909761816,1766
lucid,mexican,0.49087003222341546,0.011588424705334477,1862
lucid,cuban,0.07411385606874324,0.0060723292383585105,1862
lucid,other_hispanic,0.43501611170784094,0.011492050245306163,1862
lucid,income_7,4.109165207238764,0.05344449366631638,1713
lucid,income_9,4.489200233508464,0.05203981600486501,1713
lucid,n,1862,NA,1862
lns,female,0.5175143421478688,0.00979033307114225,4184
lns,age,33.77659770472074,0.29313188764203246,4036
lns,education_5,2.4909325348675626,0.021742495506962285,4184
lns,mexican,0.6667034414117735,0.008873523926529783,4184
lns,cuban,0.04355371063938699,0.0034943092032838573,4184
lns,other_hispanic,0.28974284794883953,0.008515305280085107,4184
lns,income_7,4.055182882752413,0.042595773893036995,3478
lns,n,4184,NA,4184
pew,female,0.46200831974590756,0.024993710041764962,715
pew,age,40.10715978648748,0.8376376039642086,657
pew,education_5,2.452167125185056,0.053784353956185464,706
pew,mexican,0.5941426019999432,0.024032224896459193,715
pew,cuban,0.046618763135820855,0.008519993453375804,715
pew,other_hispanic,0.3592386348642357,0.023403167528998542,715
pew,income_9,4.08792345346712,0.11243400180934734,640
pew,n,715,NA,715
