claim,estimate_pp,std_error_pp
p13_general_bush_bilingual,4.896649860286398,2.322386529140891
p13_general_vela_bilingual,4.855036917379834,2.39042736077788
p13_general_vela_monolingual,-2.011754269239292,2.6142251316309673
p13_general_coffman_bilingual,0.270556056502585,2.362391757837582
p13_general_coffman_monolingual,-18.72416171595139,2.645251048376886
p13_survey_language_vela_bilingual,7.295796961285839,2.390292897354174
p14_cares_vela_monolingual,-15.20166387262766,2.465573417346872
p14_cares_coffman_monolingual,-15.519432692912227,2.388982213479525
p16_coffman_monolingual_democrat,-14.051086178085473,3.339650421153047
p16_coffman_monolingual_republican,-16.777464410421658,3.9992384581183935
p17_linked_fate_bush_bilingual,0.2427222832052696,0.04030021104028922
p17_linked_fate_vela_coffman_bilingual,0.1311056828917476,0.04126566016011627
appendixC_ame_minus_ols_c9_bush_bilingual,-7.392824706575762e-9,NA
appendixC_ame_minus_ols_c9_vela_bilingual,-1.5713118383040015e-6,NA
appendixC_ame_minus_ols_c9_vela_monolingual,1.606006994059328e-14,NA
appendixC_ame_minus_ols_c9_coffman_bilingual,-2.5659003069847253e-8,NA
appendixC_ame_minus_ols_c9_coffman_monolingual,7.43016759230386e-14,NA
appendixC_ame_minus_ols_c10_bush_bilingual,-4.7087459827122036e-7,NA
appendixC_ame_minus_ols_c10_vela_bilingual,1.4282889488695383e-6,NA
appendixC_ame_minus_ols_c10_vela_monolingual,2.084166172977575e-13,NA
appendixC_ame_minus_ols_c10_coffman_bilingual,1.1192186385386438e-6,NA
appendixC_ame_minus_ols_c10_coffman_monolingual,-3.008704396734174e-14,NA
